<?xml version="1.0" encoding="iso-8859-1" standalone="yes"?>

<pattrstorage name = "control_mapping">
	<slot number = "1">
		<patcher name = "bango">
			<pattr name = "midi-assign" value = "Listen" />
			<pattr name = "midi-net-scale" value = "0." />
			<pattr name = "midi-type" value = "range" />
			<pattr name = "net-assign" value = "---" />
		</patcher>
		<patcher name = "togB">
			<pattr name = "midi-assign" value = "Listen" />
			<pattr name = "midi-net-scale" value = "0." />
			<pattr name = "midi-type" value = "range" />
			<pattr name = "net-assign" value = "---" />
		</patcher>
		<patcher name = "togA">
			<pattr name = "midi-assign" value = "Listen" />
			<pattr name = "midi-net-scale" value = "0." />
			<pattr name = "midi-type" value = "range" />
			<pattr name = "net-assign" value = "---" />
		</patcher>
		<patcher name = "sliderB">
			<pattr name = "midi-assign" value = "ctl17-ch1-port2" />
			<pattr name = "midi-net-scale" value = "0." />
			<pattr name = "midi-type" value = "range" />
			<pattr name = "net-assign" value = "---" />
		</patcher>
		<patcher name = "sliderA">
			<pattr name = "midi-assign" value = "Listen" />
			<pattr name = "midi-net-scale" value = "0." />
			<pattr name = "midi-type" value = "range" />
			<pattr name = "net-assign" value = "---" />
		</patcher>
		<patcher name = "Pan-B">
			<pattr name = "midi-assign" value = "xbend-ch2-port2" />
			<pattr name = "midi-net-scale" value = "0." />
			<pattr name = "midi-type" value = "range" />
			<pattr name = "net-assign" value = "---" />
		</patcher>
		<patcher name = "Pan-A">
			<pattr name = "midi-assign" value = "Listen" />
			<pattr name = "midi-net-scale" value = "0." />
			<pattr name = "midi-type" value = "range" />
			<pattr name = "net-assign" value = "---" />
		</patcher>
	</slot>
	<slot number = "15000">
		<patcher name = "bango">
			<pattr name = "midi-assign" value = "Listen" />
			<pattr name = "midi-net-scale" value = "0." />
			<pattr name = "midi-type" value = "range" />
			<pattr name = "net-assign" value = "---" />
		</patcher>
		<patcher name = "togB">
			<pattr name = "midi-assign" value = "Listen" />
			<pattr name = "midi-net-scale" value = "0." />
			<pattr name = "midi-type" value = "range" />
			<pattr name = "net-assign" value = "---" />
		</patcher>
		<patcher name = "togA">
			<pattr name = "midi-assign" value = "Listen" />
			<pattr name = "midi-net-scale" value = "0." />
			<pattr name = "midi-type" value = "range" />
			<pattr name = "net-assign" value = "---" />
		</patcher>
		<patcher name = "sliderB">
			<pattr name = "midi-assign" value = "ctl17-ch1-port2" />
			<pattr name = "midi-net-scale" value = "0." />
			<pattr name = "midi-type" value = "range" />
			<pattr name = "net-assign" value = "---" />
		</patcher>
		<patcher name = "sliderA">
			<pattr name = "midi-assign" value = "Listen" />
			<pattr name = "midi-net-scale" value = "0." />
			<pattr name = "midi-type" value = "range" />
			<pattr name = "net-assign" value = "---" />
		</patcher>
		<patcher name = "Pan-B">
			<pattr name = "midi-assign" value = "xbend-ch2-port2" />
			<pattr name = "midi-net-scale" value = "0." />
			<pattr name = "midi-type" value = "range" />
			<pattr name = "net-assign" value = "---" />
		</patcher>
		<patcher name = "Pan-A">
			<pattr name = "midi-assign" value = "Listen" />
			<pattr name = "midi-net-scale" value = "0." />
			<pattr name = "midi-type" value = "range" />
			<pattr name = "net-assign" value = "---" />
		</patcher>
	</slot>
</pattrstorage>

