<?xml version="1.0" standalone="yes" encoding="UTF-8"?><ambiscore version="1.0">	<xyz-def handedness="right" x-axis="right" />	<snapshot index = "1">		<point>			<number>1</number>			<xyz>-0.168494 -0.700640 0.000000</xyz>		</point>		<point>			<number>2</number>			<xyz>0.313965 0.247673 0.000000</xyz>		</point>		<point>			<number>3</number>			<xyz>0.508782 -0.406104 0.000000</xyz>		</point>		<point>			<number>4</number>			<xyz>-0.107020 -0.698018 0.000000</xyz>		</point>		<point>			<number>5</number>			<xyz>-0.273049 -0.849887 0.000000</xyz>		</point>	</snapshot></ambiscore>