<?xml version="1.0" encoding="iso-8859-1" standalone="yes"?>

<pattrstorage name = "jbap">
	<slot number = "1">
		<pattr name = "numsp" value = "8" />
		<patcher name = "makenewspeakers">
			<patcher name = "1-jbapspeaker">
				<pattr name = "1-speakerdegree[1]" value = "112." />
			</patcher>
			<patcher name = "2-jbapspeaker">
				<pattr name = "2-speakerdegree[1]" value = "90." />
			</patcher>
			<patcher name = "3-jbapspeaker">
				<pattr name = "3-speakerdegree[1]" value = "45." />
			</patcher>
			<patcher name = "4-jbapspeaker">
				<pattr name = "4-speakerdegree[1]" value = "0." />
			</patcher>
			<patcher name = "5-jbapspeaker">
				<pattr name = "5-speakerdegree[1]" value = "-45." />
			</patcher>
			<patcher name = "6-jbapspeaker">
				<pattr name = "6-speakerdegree[1]" value = "-90." />
			</patcher>
			<patcher name = "7-jbapspeaker">
				<pattr name = "7-speakerdegree[1]" value = "-135." />
			</patcher>
			<patcher name = "8-jbapspeaker">
				<pattr name = "8-speakerdegree[1]" value = "208." />
			</patcher>
		</patcher>
	</slot>
</pattrstorage>

