<?xml version="1.0" encoding="iso-8859-1" standalone="yes"?>

<pattrstorage name = "control_mapping">
	<slot number = "1">
		<patcher name = "1Radius">
			<pattr name = "midi-type" value = "range" />
			<pattr name = "net-assign" value = "---" />
			<pattr name = "midi-assign" value = "ctl58-ch1-port1" />
			<pattr name = "midi-net-scale" value = "1." />
		</patcher>
		<patcher name = "1Speed">
			<pattr name = "midi-type" value = "range" />
			<pattr name = "net-assign" value = "---" />
			<pattr name = "midi-assign" value = "ctl59-ch1-port1" />
			<pattr name = "midi-net-scale" value = "0." />
		</patcher>
		<patcher name = "1ShapeModulation">
			<pattr name = "midi-type" value = "range" />
			<pattr name = "net-assign" value = "---" />
			<pattr name = "midi-assign" value = "Listen" />
			<pattr name = "midi-net-scale" value = "0." />
		</patcher>
		<patcher name = "1Spread">
			<pattr name = "midi-type" value = "range" />
			<pattr name = "net-assign" value = "---" />
			<pattr name = "midi-assign" value = "ctl60-ch1-port1" />
			<pattr name = "midi-net-scale" value = "0." />
		</patcher>
		<patcher name = "1SpreadModulation">
			<pattr name = "midi-type" value = "range" />
			<pattr name = "net-assign" value = "---" />
			<pattr name = "midi-assign" value = "Listen" />
			<pattr name = "midi-net-scale" value = "0." />
		</patcher>
		<patcher name = "2Radius">
			<pattr name = "midi-type" value = "range" />
			<pattr name = "net-assign" value = "---" />
			<pattr name = "midi-assign" value = "ctl44-ch1-port1" />
			<pattr name = "midi-net-scale" value = "0." />
		</patcher>
		<patcher name = "2Speed">
			<pattr name = "midi-type" value = "range" />
			<pattr name = "net-assign" value = "---" />
			<pattr name = "midi-assign" value = "ctl45-ch1-port1" />
			<pattr name = "midi-net-scale" value = "0." />
		</patcher>
		<patcher name = "2ShapeModulation">
			<pattr name = "midi-type" value = "range" />
			<pattr name = "net-assign" value = "---" />
			<pattr name = "midi-assign" value = "Listen" />
			<pattr name = "midi-net-scale" value = "0." />
		</patcher>
		<patcher name = "2Spread">
			<pattr name = "midi-type" value = "range" />
			<pattr name = "net-assign" value = "---" />
			<pattr name = "midi-assign" value = "ctl46-ch1-port1" />
			<pattr name = "midi-net-scale" value = "0." />
		</patcher>
		<patcher name = "2SpreadModulation">
			<pattr name = "midi-type" value = "range" />
			<pattr name = "net-assign" value = "---" />
			<pattr name = "midi-assign" value = "Listen" />
			<pattr name = "midi-net-scale" value = "0." />
		</patcher>
		<patcher name = "1LexiconVolume">
			<pattr name = "midi-type" value = "range" />
			<pattr name = "net-assign" value = "---" />
			<pattr name = "midi-assign" value = "ctl53-ch1-port1" />
			<pattr name = "midi-net-scale" value = "0." />
		</patcher>
		<patcher name = "1LexiconFeedback">
			<pattr name = "midi-type" value = "range" />
			<pattr name = "net-assign" value = "---" />
			<pattr name = "midi-assign" value = "ctl54-ch1-port1" />
			<pattr name = "midi-net-scale" value = "0." />
		</patcher>
		<patcher name = "1LexiconManVCO">
			<pattr name = "midi-type" value = "range" />
			<pattr name = "net-assign" value = "---" />
			<pattr name = "midi-assign" value = "ctl0-ch1-port3" />
			<pattr name = "midi-net-scale" value = "0." />
		</patcher>
		<patcher name = "1LexiconDepth">
			<pattr name = "midi-type" value = "range" />
			<pattr name = "net-assign" value = "---" />
			<pattr name = "midi-assign" value = "ctl55-ch1-port1" />
			<pattr name = "midi-net-scale" value = "0." />
		</patcher>
		<patcher name = "1LexiconWvform">
			<pattr name = "midi-type" value = "range" />
			<pattr name = "net-assign" value = "---" />
			<pattr name = "midi-assign" value = "ctl56-ch1-port1" />
			<pattr name = "midi-net-scale" value = "0." />
		</patcher>
		<patcher name = "1LexiconRate">
			<pattr name = "midi-type" value = "range" />
			<pattr name = "net-assign" value = "---" />
			<pattr name = "midi-assign" value = "ctl57-ch1-port1" />
			<pattr name = "midi-net-scale" value = "0." />
		</patcher>
		<patcher name = "2LexiconVolume">
			<pattr name = "midi-type" value = "range" />
			<pattr name = "net-assign" value = "---" />
			<pattr name = "midi-assign" value = "ctl39-ch1-port1" />
			<pattr name = "midi-net-scale" value = "0." />
		</patcher>
		<patcher name = "2LexiconFeedback">
			<pattr name = "midi-type" value = "range" />
			<pattr name = "net-assign" value = "---" />
			<pattr name = "midi-assign" value = "ctl40-ch1-port1" />
			<pattr name = "midi-net-scale" value = "0." />
		</patcher>
		<patcher name = "2LexiconManVCO">
			<pattr name = "midi-type" value = "range" />
			<pattr name = "net-assign" value = "---" />
			<pattr name = "midi-assign" value = "ctl1-ch1-port3" />
			<pattr name = "midi-net-scale" value = "0." />
		</patcher>
		<patcher name = "2LexiconDepth">
			<pattr name = "midi-type" value = "range" />
			<pattr name = "net-assign" value = "---" />
			<pattr name = "midi-assign" value = "ctl41-ch1-port1" />
			<pattr name = "midi-net-scale" value = "0." />
		</patcher>
		<patcher name = "2LexiconWvform">
			<pattr name = "midi-type" value = "range" />
			<pattr name = "net-assign" value = "---" />
			<pattr name = "midi-assign" value = "ctl42-ch1-port1" />
			<pattr name = "midi-net-scale" value = "0." />
		</patcher>
		<patcher name = "2LexiconRate">
			<pattr name = "midi-type" value = "range" />
			<pattr name = "net-assign" value = "---" />
			<pattr name = "midi-assign" value = "ctl43-ch1-port1" />
			<pattr name = "midi-net-scale" value = "0." />
		</patcher>
		<patcher name = "1NumberOfDelays">
			<pattr name = "midi-type" value = "range" />
			<pattr name = "net-assign" value = "---" />
			<pattr name = "midi-assign" value = "ctl8-ch1-port1" />
			<pattr name = "midi-net-scale" value = "0." />
		</patcher>
		<patcher name = "1ModulatorValue">
			<pattr name = "midi-type" value = "range" />
			<pattr name = "net-assign" value = "---" />
			<pattr name = "midi-assign" value = "ctl9-ch1-port1" />
			<pattr name = "midi-net-scale" value = "0." />
		</patcher>
		<patcher name = "1ModulatorSwitching">
			<pattr name = "midi-type" value = "range" />
			<pattr name = "net-assign" value = "---" />
			<pattr name = "midi-assign" value = "ctl10-ch1-port1" />
			<pattr name = "midi-net-scale" value = "0." />
		</patcher>
		<patcher name = "2NumberOfDelays">
			<pattr name = "midi-type" value = "range" />
			<pattr name = "net-assign" value = "---" />
			<pattr name = "midi-assign" value = "ctl12-ch1-port1" />
			<pattr name = "midi-net-scale" value = "0." />
		</patcher>
		<patcher name = "2ModulatorValue">
			<pattr name = "midi-type" value = "range" />
			<pattr name = "net-assign" value = "---" />
			<pattr name = "midi-assign" value = "ctl13-ch1-port1" />
			<pattr name = "midi-net-scale" value = "0." />
		</patcher>
		<patcher name = "2ModulatorSwitching">
			<pattr name = "midi-type" value = "" />
			<pattr name = "net-assign" value = "" />
			<pattr name = "midi-assign" value = "" />
			<pattr name = "midi-net-scale" value = "" />
		</patcher>
		<patcher name = "1LooperVolume">
			<pattr name = "midi-type" value = "" />
			<pattr name = "net-assign" value = "" />
			<pattr name = "midi-assign" value = "" />
			<pattr name = "midi-net-scale" value = "" />
		</patcher>
		<patcher name = "1LooperSpeed">
			<pattr name = "midi-type" value = "" />
			<pattr name = "net-assign" value = "" />
			<pattr name = "midi-assign" value = "" />
			<pattr name = "midi-net-scale" value = "" />
		</patcher>
		<patcher name = "1LooperOnOff">
			<pattr name = "midi-type" value = "" />
			<pattr name = "net-assign" value = "" />
			<pattr name = "midi-assign" value = "" />
			<pattr name = "midi-net-scale" value = "" />
		</patcher>
		<patcher name = "2LooperVolume">
			<pattr name = "midi-type" value = "" />
			<pattr name = "net-assign" value = "" />
			<pattr name = "midi-assign" value = "" />
			<pattr name = "midi-net-scale" value = "" />
		</patcher>
		<patcher name = "2LooperSpeed">
			<pattr name = "midi-type" value = "" />
			<pattr name = "net-assign" value = "" />
			<pattr name = "midi-assign" value = "" />
			<pattr name = "midi-net-scale" value = "" />
		</patcher>
		<patcher name = "2LooperOnOff">
			<pattr name = "midi-type" value = "" />
			<pattr name = "net-assign" value = "" />
			<pattr name = "midi-assign" value = "" />
			<pattr name = "midi-net-scale" value = "" />
		</patcher>
		<patcher name = "3LooperVolume">
			<pattr name = "midi-type" value = "" />
			<pattr name = "net-assign" value = "" />
			<pattr name = "midi-assign" value = "" />
			<pattr name = "midi-net-scale" value = "" />
		</patcher>
		<patcher name = "3LooperSpeed">
			<pattr name = "midi-type" value = "" />
			<pattr name = "net-assign" value = "" />
			<pattr name = "midi-assign" value = "" />
			<pattr name = "midi-net-scale" value = "" />
		</patcher>
		<patcher name = "3LooperOnOff">
			<pattr name = "midi-type" value = "" />
			<pattr name = "net-assign" value = "" />
			<pattr name = "midi-assign" value = "" />
			<pattr name = "midi-net-scale" value = "" />
		</patcher>
		<patcher name = "4LooperVolume">
			<pattr name = "midi-type" value = "" />
			<pattr name = "net-assign" value = "" />
			<pattr name = "midi-assign" value = "" />
			<pattr name = "midi-net-scale" value = "" />
		</patcher>
		<patcher name = "4LooperSpeed">
			<pattr name = "midi-type" value = "" />
			<pattr name = "net-assign" value = "" />
			<pattr name = "midi-assign" value = "" />
			<pattr name = "midi-net-scale" value = "" />
		</patcher>
		<patcher name = "4LooperOnOff">
			<pattr name = "midi-type" value = "" />
			<pattr name = "net-assign" value = "" />
			<pattr name = "midi-assign" value = "" />
			<pattr name = "midi-net-scale" value = "" />
		</patcher>
		<patcher name = "MonoverbSize">
			<pattr name = "midi-type" value = "" />
			<pattr name = "net-assign" value = "" />
			<pattr name = "midi-assign" value = "" />
			<pattr name = "midi-net-scale" value = "" />
		</patcher>
		<patcher name = "MonoverbDamping">
			<pattr name = "midi-type" value = "" />
			<pattr name = "net-assign" value = "" />
			<pattr name = "midi-assign" value = "" />
			<pattr name = "midi-net-scale" value = "" />
		</patcher>
		<patcher name = "MonoverbWetLevel">
			<pattr name = "midi-type" value = "" />
			<pattr name = "net-assign" value = "" />
			<pattr name = "midi-assign" value = "" />
			<pattr name = "midi-net-scale" value = "" />
		</patcher>
		<patcher name = "MonoverbDryLevel">
			<pattr name = "midi-type" value = "" />
			<pattr name = "net-assign" value = "" />
			<pattr name = "midi-assign" value = "" />
			<pattr name = "midi-net-scale" value = "" />
		</patcher>
		<patcher name = "ParamMixer">
			<pattr name = "midi-type" value = "" />
			<pattr name = "net-assign" value = "" />
			<pattr name = "midi-assign" value = "" />
			<pattr name = "midi-net-scale" value = "" />
		</patcher>
		<patcher name = "MainVolume">
			<pattr name = "midi-type" value = "" />
			<pattr name = "net-assign" value = "" />
			<pattr name = "midi-assign" value = "" />
			<pattr name = "midi-net-scale" value = "" />
		</patcher>
	</slot>
	<slot number = "3">
		<patcher name = "1Radius">
			<pattr name = "midi-type" value = "range" />
			<pattr name = "net-assign" value = "---" />
			<pattr name = "midi-assign" value = "ctl58-ch1-port1" />
			<pattr name = "midi-net-scale" value = "1." />
		</patcher>
		<patcher name = "1Speed">
			<pattr name = "midi-type" value = "range" />
			<pattr name = "net-assign" value = "---" />
			<pattr name = "midi-assign" value = "ctl59-ch1-port1" />
			<pattr name = "midi-net-scale" value = "0." />
		</patcher>
		<patcher name = "1ShapeModulation">
			<pattr name = "midi-type" value = "range" />
			<pattr name = "net-assign" value = "---" />
			<pattr name = "midi-assign" value = "Listen" />
			<pattr name = "midi-net-scale" value = "0." />
		</patcher>
		<patcher name = "1Spread">
			<pattr name = "midi-type" value = "range" />
			<pattr name = "net-assign" value = "---" />
			<pattr name = "midi-assign" value = "ctl60-ch1-port1" />
			<pattr name = "midi-net-scale" value = "0." />
		</patcher>
		<patcher name = "1SpreadModulation">
			<pattr name = "midi-type" value = "range" />
			<pattr name = "net-assign" value = "---" />
			<pattr name = "midi-assign" value = "Listen" />
			<pattr name = "midi-net-scale" value = "0." />
		</patcher>
		<patcher name = "2Radius">
			<pattr name = "midi-type" value = "range" />
			<pattr name = "net-assign" value = "---" />
			<pattr name = "midi-assign" value = "ctl44-ch1-port1" />
			<pattr name = "midi-net-scale" value = "0." />
		</patcher>
		<patcher name = "2Speed">
			<pattr name = "midi-type" value = "range" />
			<pattr name = "net-assign" value = "---" />
			<pattr name = "midi-assign" value = "ctl45-ch1-port1" />
			<pattr name = "midi-net-scale" value = "0." />
		</patcher>
		<patcher name = "2ShapeModulation">
			<pattr name = "midi-type" value = "range" />
			<pattr name = "net-assign" value = "---" />
			<pattr name = "midi-assign" value = "Listen" />
			<pattr name = "midi-net-scale" value = "0." />
		</patcher>
		<patcher name = "2Spread">
			<pattr name = "midi-type" value = "range" />
			<pattr name = "net-assign" value = "---" />
			<pattr name = "midi-assign" value = "ctl46-ch1-port1" />
			<pattr name = "midi-net-scale" value = "0." />
		</patcher>
		<patcher name = "2SpreadModulation">
			<pattr name = "midi-type" value = "range" />
			<pattr name = "net-assign" value = "---" />
			<pattr name = "midi-assign" value = "Listen" />
			<pattr name = "midi-net-scale" value = "0." />
		</patcher>
		<patcher name = "1LexiconVolume">
			<pattr name = "midi-type" value = "range" />
			<pattr name = "net-assign" value = "---" />
			<pattr name = "midi-assign" value = "ctl53-ch1-port1" />
			<pattr name = "midi-net-scale" value = "0." />
		</patcher>
		<patcher name = "1LexiconFeedback">
			<pattr name = "midi-type" value = "range" />
			<pattr name = "net-assign" value = "---" />
			<pattr name = "midi-assign" value = "ctl54-ch1-port1" />
			<pattr name = "midi-net-scale" value = "0." />
		</patcher>
		<patcher name = "1LexiconManVCO">
			<pattr name = "midi-type" value = "range" />
			<pattr name = "net-assign" value = "---" />
			<pattr name = "midi-assign" value = "ctl0-ch1-port3" />
			<pattr name = "midi-net-scale" value = "0." />
		</patcher>
		<patcher name = "1LexiconDepth">
			<pattr name = "midi-type" value = "range" />
			<pattr name = "net-assign" value = "---" />
			<pattr name = "midi-assign" value = "ctl55-ch1-port1" />
			<pattr name = "midi-net-scale" value = "0." />
		</patcher>
		<patcher name = "1LexiconWvform">
			<pattr name = "midi-type" value = "range" />
			<pattr name = "net-assign" value = "---" />
			<pattr name = "midi-assign" value = "ctl56-ch1-port1" />
			<pattr name = "midi-net-scale" value = "0." />
		</patcher>
		<patcher name = "1LexiconRate">
			<pattr name = "midi-type" value = "range" />
			<pattr name = "net-assign" value = "---" />
			<pattr name = "midi-assign" value = "ctl57-ch1-port1" />
			<pattr name = "midi-net-scale" value = "0." />
		</patcher>
		<patcher name = "2LexiconVolume">
			<pattr name = "midi-type" value = "range" />
			<pattr name = "net-assign" value = "---" />
			<pattr name = "midi-assign" value = "ctl39-ch1-port1" />
			<pattr name = "midi-net-scale" value = "0." />
		</patcher>
		<patcher name = "2LexiconFeedback">
			<pattr name = "midi-type" value = "range" />
			<pattr name = "net-assign" value = "---" />
			<pattr name = "midi-assign" value = "ctl40-ch1-port1" />
			<pattr name = "midi-net-scale" value = "0." />
		</patcher>
		<patcher name = "2LexiconManVCO">
			<pattr name = "midi-type" value = "range" />
			<pattr name = "net-assign" value = "---" />
			<pattr name = "midi-assign" value = "ctl1-ch1-port3" />
			<pattr name = "midi-net-scale" value = "0." />
		</patcher>
		<patcher name = "2LexiconDepth">
			<pattr name = "midi-type" value = "range" />
			<pattr name = "net-assign" value = "---" />
			<pattr name = "midi-assign" value = "ctl41-ch1-port1" />
			<pattr name = "midi-net-scale" value = "0." />
		</patcher>
		<patcher name = "2LexiconWvform">
			<pattr name = "midi-type" value = "range" />
			<pattr name = "net-assign" value = "---" />
			<pattr name = "midi-assign" value = "ctl42-ch1-port1" />
			<pattr name = "midi-net-scale" value = "0." />
		</patcher>
		<patcher name = "2LexiconRate">
			<pattr name = "midi-type" value = "range" />
			<pattr name = "net-assign" value = "---" />
			<pattr name = "midi-assign" value = "ctl43-ch1-port1" />
			<pattr name = "midi-net-scale" value = "0." />
		</patcher>
		<patcher name = "1NumberOfDelays">
			<pattr name = "midi-type" value = "range" />
			<pattr name = "net-assign" value = "---" />
			<pattr name = "midi-assign" value = "ctl8-ch1-port1" />
			<pattr name = "midi-net-scale" value = "0." />
		</patcher>
		<patcher name = "1ModulatorValue">
			<pattr name = "midi-type" value = "range" />
			<pattr name = "net-assign" value = "---" />
			<pattr name = "midi-assign" value = "ctl9-ch1-port1" />
			<pattr name = "midi-net-scale" value = "0." />
		</patcher>
		<patcher name = "1ModulatorSwitching">
			<pattr name = "midi-type" value = "range" />
			<pattr name = "net-assign" value = "---" />
			<pattr name = "midi-assign" value = "ctl10-ch1-port1" />
			<pattr name = "midi-net-scale" value = "0." />
		</patcher>
		<patcher name = "2NumberOfDelays">
			<pattr name = "midi-type" value = "range" />
			<pattr name = "net-assign" value = "---" />
			<pattr name = "midi-assign" value = "ctl12-ch1-port1" />
			<pattr name = "midi-net-scale" value = "0." />
		</patcher>
		<patcher name = "2ModulatorValue">
			<pattr name = "midi-type" value = "range" />
			<pattr name = "net-assign" value = "---" />
			<pattr name = "midi-assign" value = "ctl13-ch1-port1" />
			<pattr name = "midi-net-scale" value = "0." />
		</patcher>
		<patcher name = "2ModulatorSwitching">
			<pattr name = "midi-type" value = "" />
			<pattr name = "net-assign" value = "" />
			<pattr name = "midi-assign" value = "" />
			<pattr name = "midi-net-scale" value = "" />
		</patcher>
		<patcher name = "1LooperVolume">
			<pattr name = "midi-type" value = "" />
			<pattr name = "net-assign" value = "" />
			<pattr name = "midi-assign" value = "" />
			<pattr name = "midi-net-scale" value = "" />
		</patcher>
		<patcher name = "1LooperSpeed">
			<pattr name = "midi-type" value = "" />
			<pattr name = "net-assign" value = "" />
			<pattr name = "midi-assign" value = "" />
			<pattr name = "midi-net-scale" value = "" />
		</patcher>
		<patcher name = "1LooperOnOff">
			<pattr name = "midi-type" value = "" />
			<pattr name = "net-assign" value = "" />
			<pattr name = "midi-assign" value = "" />
			<pattr name = "midi-net-scale" value = "" />
		</patcher>
		<patcher name = "2LooperVolume">
			<pattr name = "midi-type" value = "" />
			<pattr name = "net-assign" value = "" />
			<pattr name = "midi-assign" value = "" />
			<pattr name = "midi-net-scale" value = "" />
		</patcher>
		<patcher name = "2LooperSpeed">
			<pattr name = "midi-type" value = "" />
			<pattr name = "net-assign" value = "" />
			<pattr name = "midi-assign" value = "" />
			<pattr name = "midi-net-scale" value = "" />
		</patcher>
		<patcher name = "2LooperOnOff">
			<pattr name = "midi-type" value = "" />
			<pattr name = "net-assign" value = "" />
			<pattr name = "midi-assign" value = "" />
			<pattr name = "midi-net-scale" value = "" />
		</patcher>
		<patcher name = "3LooperVolume">
			<pattr name = "midi-type" value = "" />
			<pattr name = "net-assign" value = "" />
			<pattr name = "midi-assign" value = "" />
			<pattr name = "midi-net-scale" value = "" />
		</patcher>
		<patcher name = "3LooperSpeed">
			<pattr name = "midi-type" value = "" />
			<pattr name = "net-assign" value = "" />
			<pattr name = "midi-assign" value = "" />
			<pattr name = "midi-net-scale" value = "" />
		</patcher>
		<patcher name = "3LooperOnOff">
			<pattr name = "midi-type" value = "" />
			<pattr name = "net-assign" value = "" />
			<pattr name = "midi-assign" value = "" />
			<pattr name = "midi-net-scale" value = "" />
		</patcher>
		<patcher name = "4LooperVolume">
			<pattr name = "midi-type" value = "" />
			<pattr name = "net-assign" value = "" />
			<pattr name = "midi-assign" value = "" />
			<pattr name = "midi-net-scale" value = "" />
		</patcher>
		<patcher name = "4LooperSpeed">
			<pattr name = "midi-type" value = "" />
			<pattr name = "net-assign" value = "" />
			<pattr name = "midi-assign" value = "" />
			<pattr name = "midi-net-scale" value = "" />
		</patcher>
		<patcher name = "4LooperOnOff">
			<pattr name = "midi-type" value = "" />
			<pattr name = "net-assign" value = "" />
			<pattr name = "midi-assign" value = "" />
			<pattr name = "midi-net-scale" value = "" />
		</patcher>
		<patcher name = "MonoverbSize">
			<pattr name = "midi-type" value = "" />
			<pattr name = "net-assign" value = "" />
			<pattr name = "midi-assign" value = "" />
			<pattr name = "midi-net-scale" value = "" />
		</patcher>
		<patcher name = "MonoverbDamping">
			<pattr name = "midi-type" value = "" />
			<pattr name = "net-assign" value = "" />
			<pattr name = "midi-assign" value = "" />
			<pattr name = "midi-net-scale" value = "" />
		</patcher>
		<patcher name = "MonoverbWetLevel">
			<pattr name = "midi-type" value = "" />
			<pattr name = "net-assign" value = "" />
			<pattr name = "midi-assign" value = "" />
			<pattr name = "midi-net-scale" value = "" />
		</patcher>
		<patcher name = "MonoverbDryLevel">
			<pattr name = "midi-type" value = "" />
			<pattr name = "net-assign" value = "" />
			<pattr name = "midi-assign" value = "" />
			<pattr name = "midi-net-scale" value = "" />
		</patcher>
		<patcher name = "ParamMixer">
			<pattr name = "midi-type" value = "" />
			<pattr name = "net-assign" value = "" />
			<pattr name = "midi-assign" value = "" />
			<pattr name = "midi-net-scale" value = "" />
		</patcher>
		<patcher name = "MainVolume">
			<pattr name = "midi-type" value = "" />
			<pattr name = "net-assign" value = "" />
			<pattr name = "midi-assign" value = "" />
			<pattr name = "midi-net-scale" value = "" />
		</patcher>
	</slot>
	<slot number = "15000">
		<patcher name = "1Radius">
			<pattr name = "midi-type" value = "range" />
			<pattr name = "net-assign" value = "---" />
			<pattr name = "midi-assign" value = "Listen" />
			<pattr name = "midi-net-scale" value = "0." />
		</patcher>
		<patcher name = "1Speed">
			<pattr name = "midi-type" value = "range" />
			<pattr name = "net-assign" value = "---" />
			<pattr name = "midi-assign" value = "Listen" />
			<pattr name = "midi-net-scale" value = "0." />
		</patcher>
		<patcher name = "1ShapeModulation">
			<pattr name = "midi-type" value = "range" />
			<pattr name = "net-assign" value = "---" />
			<pattr name = "midi-assign" value = "Listen" />
			<pattr name = "midi-net-scale" value = "0." />
		</patcher>
		<patcher name = "1Spread">
			<pattr name = "midi-type" value = "range" />
			<pattr name = "net-assign" value = "---" />
			<pattr name = "midi-assign" value = "Listen" />
			<pattr name = "midi-net-scale" value = "0." />
		</patcher>
		<patcher name = "1SpreadModulation">
			<pattr name = "midi-type" value = "range" />
			<pattr name = "net-assign" value = "---" />
			<pattr name = "midi-assign" value = "Listen" />
			<pattr name = "midi-net-scale" value = "0." />
		</patcher>
		<patcher name = "2Radius">
			<pattr name = "midi-type" value = "range" />
			<pattr name = "net-assign" value = "---" />
			<pattr name = "midi-assign" value = "Listen" />
			<pattr name = "midi-net-scale" value = "0." />
		</patcher>
		<patcher name = "2Speed">
			<pattr name = "midi-type" value = "range" />
			<pattr name = "net-assign" value = "---" />
			<pattr name = "midi-assign" value = "Listen" />
			<pattr name = "midi-net-scale" value = "0." />
		</patcher>
		<patcher name = "2ShapeModulation">
			<pattr name = "midi-type" value = "range" />
			<pattr name = "net-assign" value = "---" />
			<pattr name = "midi-assign" value = "Listen" />
			<pattr name = "midi-net-scale" value = "0." />
		</patcher>
		<patcher name = "2Spread">
			<pattr name = "midi-type" value = "range" />
			<pattr name = "net-assign" value = "---" />
			<pattr name = "midi-assign" value = "Listen" />
			<pattr name = "midi-net-scale" value = "0." />
		</patcher>
		<patcher name = "2SpreadModulation">
			<pattr name = "midi-type" value = "range" />
			<pattr name = "net-assign" value = "---" />
			<pattr name = "midi-assign" value = "Listen" />
			<pattr name = "midi-net-scale" value = "0." />
		</patcher>
		<patcher name = "1LexiconVolume">
			<pattr name = "midi-type" value = "range" />
			<pattr name = "net-assign" value = "---" />
			<pattr name = "midi-assign" value = "Listen" />
			<pattr name = "midi-net-scale" value = "0." />
		</patcher>
		<patcher name = "1LexiconFeedback">
			<pattr name = "midi-type" value = "range" />
			<pattr name = "net-assign" value = "---" />
			<pattr name = "midi-assign" value = "Listen" />
			<pattr name = "midi-net-scale" value = "0." />
		</patcher>
		<patcher name = "1LexiconManVCO">
			<pattr name = "midi-type" value = "range" />
			<pattr name = "net-assign" value = "---" />
			<pattr name = "midi-assign" value = "Listen" />
			<pattr name = "midi-net-scale" value = "0." />
		</patcher>
		<patcher name = "1LexiconDepth">
			<pattr name = "midi-type" value = "range" />
			<pattr name = "net-assign" value = "---" />
			<pattr name = "midi-assign" value = "Listen" />
			<pattr name = "midi-net-scale" value = "0." />
		</patcher>
		<patcher name = "1LexiconWvform">
			<pattr name = "midi-type" value = "range" />
			<pattr name = "net-assign" value = "---" />
			<pattr name = "midi-assign" value = "Listen" />
			<pattr name = "midi-net-scale" value = "0." />
		</patcher>
		<patcher name = "1LexiconRate">
			<pattr name = "midi-type" value = "range" />
			<pattr name = "net-assign" value = "---" />
			<pattr name = "midi-assign" value = "Listen" />
			<pattr name = "midi-net-scale" value = "0." />
		</patcher>
		<patcher name = "2LexiconVolume">
			<pattr name = "midi-type" value = "range" />
			<pattr name = "net-assign" value = "---" />
			<pattr name = "midi-assign" value = "Listen" />
			<pattr name = "midi-net-scale" value = "0." />
		</patcher>
		<patcher name = "2LexiconFeedback">
			<pattr name = "midi-type" value = "range" />
			<pattr name = "net-assign" value = "---" />
			<pattr name = "midi-assign" value = "Listen" />
			<pattr name = "midi-net-scale" value = "0." />
		</patcher>
		<patcher name = "2LexiconManVCO">
			<pattr name = "midi-type" value = "range" />
			<pattr name = "net-assign" value = "---" />
			<pattr name = "midi-assign" value = "Listen" />
			<pattr name = "midi-net-scale" value = "0." />
		</patcher>
		<patcher name = "2LexiconDepth">
			<pattr name = "midi-type" value = "range" />
			<pattr name = "net-assign" value = "---" />
			<pattr name = "midi-assign" value = "Listen" />
			<pattr name = "midi-net-scale" value = "0." />
		</patcher>
		<patcher name = "2LexiconWvform">
			<pattr name = "midi-type" value = "range" />
			<pattr name = "net-assign" value = "---" />
			<pattr name = "midi-assign" value = "Listen" />
			<pattr name = "midi-net-scale" value = "0." />
		</patcher>
		<patcher name = "2LexiconRate">
			<pattr name = "midi-type" value = "range" />
			<pattr name = "net-assign" value = "---" />
			<pattr name = "midi-assign" value = "Listen" />
			<pattr name = "midi-net-scale" value = "0." />
		</patcher>
		<patcher name = "1NumberOfDelays">
			<pattr name = "midi-type" value = "range" />
			<pattr name = "net-assign" value = "---" />
			<pattr name = "midi-assign" value = "ctl81-ch16-port0" />
			<pattr name = "midi-net-scale" value = "0." />
		</patcher>
		<patcher name = "1ModulatorValue">
			<pattr name = "midi-type" value = "range" />
			<pattr name = "net-assign" value = "---" />
			<pattr name = "midi-assign" value = "Listen" />
			<pattr name = "midi-net-scale" value = "0." />
		</patcher>
		<patcher name = "1ModulatorSwitching">
			<pattr name = "midi-type" value = "range" />
			<pattr name = "net-assign" value = "---" />
			<pattr name = "midi-assign" value = "Listen" />
			<pattr name = "midi-net-scale" value = "0." />
		</patcher>
		<patcher name = "2NumberOfDelays">
			<pattr name = "midi-type" value = "range" />
			<pattr name = "net-assign" value = "---" />
			<pattr name = "midi-assign" value = "Listen" />
			<pattr name = "midi-net-scale" value = "0." />
		</patcher>
		<patcher name = "2ModulatorValue">
			<pattr name = "midi-type" value = "range" />
			<pattr name = "net-assign" value = "---" />
			<pattr name = "midi-assign" value = "Listen" />
			<pattr name = "midi-net-scale" value = "0." />
		</patcher>
		<patcher name = "2ModulatorSwitching">
			<pattr name = "midi-type" value = "range" />
			<pattr name = "net-assign" value = "---" />
			<pattr name = "midi-assign" value = "Listen" />
			<pattr name = "midi-net-scale" value = "0." />
		</patcher>
		<patcher name = "1LooperVolume">
			<pattr name = "midi-type" value = "range" />
			<pattr name = "net-assign" value = "---" />
			<pattr name = "midi-assign" value = "ctl7-ch1-port0" />
			<pattr name = "midi-net-scale" value = "0." />
		</patcher>
		<patcher name = "1LooperSpeed">
			<pattr name = "midi-type" value = "range" />
			<pattr name = "net-assign" value = "---" />
			<pattr name = "midi-assign" value = "Listen" />
			<pattr name = "midi-net-scale" value = "0." />
		</patcher>
		<patcher name = "1LooperOnOff">
			<pattr name = "midi-type" value = "range" />
			<pattr name = "net-assign" value = "---" />
			<pattr name = "midi-assign" value = "ctl82-ch16-port0" />
			<pattr name = "midi-net-scale" value = "0." />
		</patcher>
		<patcher name = "2LooperVolume">
			<pattr name = "midi-type" value = "range" />
			<pattr name = "net-assign" value = "---" />
			<pattr name = "midi-assign" value = "ctl7-ch1-port0" />
			<pattr name = "midi-net-scale" value = "0." />
		</patcher>
		<patcher name = "2LooperSpeed">
			<pattr name = "midi-type" value = "range" />
			<pattr name = "net-assign" value = "---" />
			<pattr name = "midi-assign" value = "Listen" />
			<pattr name = "midi-net-scale" value = "0." />
		</patcher>
		<patcher name = "2LooperOnOff">
			<pattr name = "midi-type" value = "range" />
			<pattr name = "net-assign" value = "---" />
			<pattr name = "midi-assign" value = "ctl83-ch16-port0" />
			<pattr name = "midi-net-scale" value = "0." />
		</patcher>
		<patcher name = "3LooperVolume">
			<pattr name = "midi-type" value = "range" />
			<pattr name = "net-assign" value = "---" />
			<pattr name = "midi-assign" value = "ctl7-ch1-port0" />
			<pattr name = "midi-net-scale" value = "0." />
		</patcher>
		<patcher name = "3LooperSpeed">
			<pattr name = "midi-type" value = "range" />
			<pattr name = "net-assign" value = "---" />
			<pattr name = "midi-assign" value = "Listen" />
			<pattr name = "midi-net-scale" value = "0." />
		</patcher>
		<patcher name = "3LooperOnOff">
			<pattr name = "midi-type" value = "range" />
			<pattr name = "net-assign" value = "---" />
			<pattr name = "midi-assign" value = "ctl80-ch16-port0" />
			<pattr name = "midi-net-scale" value = "0." />
		</patcher>
		<patcher name = "4LooperVolume">
			<pattr name = "midi-type" value = "range" />
			<pattr name = "net-assign" value = "---" />
			<pattr name = "midi-assign" value = "ctl7-ch1-port0" />
			<pattr name = "midi-net-scale" value = "0." />
		</patcher>
		<patcher name = "4LooperSpeed">
			<pattr name = "midi-type" value = "range" />
			<pattr name = "net-assign" value = "---" />
			<pattr name = "midi-assign" value = "Listen" />
			<pattr name = "midi-net-scale" value = "0." />
		</patcher>
		<patcher name = "4LooperOnOff">
			<pattr name = "midi-type" value = "range" />
			<pattr name = "net-assign" value = "---" />
			<pattr name = "midi-assign" value = "ctl80-ch16-port0" />
			<pattr name = "midi-net-scale" value = "0." />
		</patcher>
		<patcher name = "MonoverbSize">
			<pattr name = "midi-type" value = "range" />
			<pattr name = "net-assign" value = "---" />
			<pattr name = "midi-assign" value = "Listen" />
			<pattr name = "midi-net-scale" value = "0." />
		</patcher>
		<patcher name = "MonoverbDamping">
			<pattr name = "midi-type" value = "range" />
			<pattr name = "net-assign" value = "---" />
			<pattr name = "midi-assign" value = "Listen" />
			<pattr name = "midi-net-scale" value = "0." />
		</patcher>
		<patcher name = "MonoverbWetLevel">
			<pattr name = "midi-type" value = "range" />
			<pattr name = "net-assign" value = "---" />
			<pattr name = "midi-assign" value = "Listen" />
			<pattr name = "midi-net-scale" value = "0." />
		</patcher>
		<patcher name = "MonoverbDryLevel">
			<pattr name = "midi-type" value = "range" />
			<pattr name = "net-assign" value = "---" />
			<pattr name = "midi-assign" value = "Listen" />
			<pattr name = "midi-net-scale" value = "0." />
		</patcher>
		<patcher name = "ParamMixer">
			<pattr name = "midi-type" value = "range" />
			<pattr name = "net-assign" value = "---" />
			<pattr name = "midi-assign" value = "Listen" />
			<pattr name = "midi-net-scale" value = "0." />
		</patcher>
		<patcher name = "MainVolume">
			<pattr name = "midi-type" value = "range" />
			<pattr name = "net-assign" value = "---" />
			<pattr name = "midi-assign" value = "Listen" />
			<pattr name = "midi-net-scale" value = "0." />
		</patcher>
	</slot>
</pattrstorage>

