<?xml version="1.0" encoding="iso-8859-1" standalone="yes"?>

<pattrstorage name = "performance_parameters">
	<slot number = "1">
		<patcher name = "EISguts">
			<patcher name = "vbap">
				<patcher name = "vbap">
					<patcher name = "jbap">
						<patcher name = "matrix">
							<patcher name = "coll">
								<pattr name = "vbapstorage" value = "-1" />
							</patcher>
						</patcher>
						<patcher name = "location1">
							<patcher name = "1Radius">
								<pattr name = "parameter" value = "0.897638" />
							</patcher>
							<patcher name = "1Speed">
								<pattr name = "parameter" value = "0." />
							</patcher>
							<patcher name = "1ShapeModulation">
								<pattr name = "parameter" value = "0." />
							</patcher>
							<patcher name = "1Spread">
								<pattr name = "parameter" value = "0.75" />
							</patcher>
							<patcher name = "1SpreadModulation">
								<pattr name = "parameter" value = "0." />
							</patcher>
						</patcher>
						<patcher name = "location2">
							<patcher name = "2Radius">
								<pattr name = "parameter" value = "0." />
							</patcher>
							<patcher name = "2Speed">
								<pattr name = "parameter" value = "0." />
							</patcher>
							<patcher name = "2ShapeModulation">
								<pattr name = "parameter" value = "0." />
							</patcher>
							<patcher name = "2Spread">
								<pattr name = "parameter" value = "0.707143" />
							</patcher>
							<patcher name = "2SpreadModulation">
								<pattr name = "parameter" value = "0.028571" />
							</patcher>
						</patcher>
					</patcher>
				</patcher>
			</patcher>
			<patcher name = "psp42s">
				<patcher name = "lexicon1">
					<patcher name = "jlooper">
						<patcher name = "1LexiconVolume">
							<pattr name = "parameter" value = "0.480315" />
						</patcher>
						<patcher name = "1LexiconFeedback">
							<pattr name = "parameter" value = "0.031496" />
						</patcher>
						<patcher name = "1LexiconManVCO">
							<pattr name = "parameter" value = "0.362205" />
						</patcher>
						<patcher name = "1LexiconDepth">
							<pattr name = "parameter" value = "0.03937" />
						</patcher>
						<patcher name = "1LexiconWvform">
							<pattr name = "parameter" value = "0.370079" />
						</patcher>
						<patcher name = "1LexiconRate">
							<pattr name = "parameter" value = "0." />
						</patcher>
					</patcher>
				</patcher>
				<patcher name = "lexicon2">
					<patcher name = "jlooper">
						<patcher name = "2LexiconVolume">
							<pattr name = "parameter" value = "0.456693" />
						</patcher>
						<patcher name = "2LexiconFeedback">
							<pattr name = "parameter" value = "0." />
						</patcher>
						<patcher name = "2LexiconManVCO">
							<pattr name = "parameter" value = "0." />
						</patcher>
						<patcher name = "2LexiconDepth">
							<pattr name = "parameter" value = "0.03937" />
						</patcher>
						<patcher name = "2LexiconWvform">
							<pattr name = "parameter" value = "0.346457" />
						</patcher>
						<patcher name = "2LexiconRate">
							<pattr name = "parameter" value = "0.03937" />
						</patcher>
					</patcher>
				</patcher>
			</patcher>
			<patcher name = "matrix">
				<patcher name = "matrix">
					<patcher name = "matrix">
						<pattr name = "matrix-storage" value = "-1" />
					</patcher>
				</patcher>
			</patcher>
			<patcher name = "jdelaycontrol">
				<patcher name = "delays-1">
					<patcher name = "jdelaycontrol">
						<patcher name = "1NumberOfDelays">
							<pattr name = "parameter" value = "0.102362" />
						</patcher>
						<patcher name = "1ModulatorValue">
							<pattr name = "parameter" value = "0.267717" />
						</patcher>
						<patcher name = "1ModulatorSwitching">
							<pattr name = "parameter" value = "0.377953" />
						</patcher>
					</patcher>
				</patcher>
				<patcher name = "delays-2">
					<patcher name = "jdelaycontrol">
						<patcher name = "2NumberOfDelays">
							<pattr name = "parameter" value = "0.385827" />
						</patcher>
						<patcher name = "2ModulatorValue">
							<pattr name = "parameter" value = "0.212598" />
						</patcher>
						<patcher name = "2ModulatorSwitching">
							<pattr name = "parameter" value = "0.23622" />
						</patcher>
					</patcher>
				</patcher>
			</patcher>
			<patcher name = "loopers">
				<patcher name = "looper1">
					<patcher name = "jlooper">
						<patcher name = "1LooperVolume">
							<pattr name = "parameter" value = "0.346457" />
						</patcher>
						<patcher name = "1LooperSpeed">
							<pattr name = "parameter" value = "0.574803" />
						</patcher>
						<patcher name = "1LooperOnOff">
							<pattr name = "parameter" value = "0." />
						</patcher>
					</patcher>
				</patcher>
				<patcher name = "looper2">
					<patcher name = "jlooper">
						<patcher name = "2LooperVolume">
							<pattr name = "parameter" value = "0.204724" />
						</patcher>
						<patcher name = "2LooperSpeed">
							<pattr name = "parameter" value = "0.748031" />
						</patcher>
						<patcher name = "2LooperOnOff">
							<pattr name = "parameter" value = "0." />
						</patcher>
					</patcher>
				</patcher>
				<patcher name = "looper3">
					<patcher name = "jlooper">
						<patcher name = "3LooperVolume">
							<pattr name = "parameter" value = "0.070866" />
						</patcher>
						<patcher name = "3LooperSpeed">
							<pattr name = "parameter" value = "0.740157" />
						</patcher>
						<patcher name = "3LooperOnOff">
							<pattr name = "parameter" value = "0." />
						</patcher>
					</patcher>
				</patcher>
				<patcher name = "looper4">
					<patcher name = "jlooper">
						<patcher name = "4LooperVolume">
							<pattr name = "parameter" value = "0.291339" />
						</patcher>
						<patcher name = "4LooperSpeed">
							<pattr name = "parameter" value = "0.692913" />
						</patcher>
						<patcher name = "4LooperOnOff">
							<pattr name = "parameter" value = "0." />
						</patcher>
					</patcher>
				</patcher>
			</patcher>
			<patcher name = "controlmapping">
				<patcher name = "control_mapping_interface">
					<pattr name = "control_mapping" value = "15000" />
				</patcher>
			</patcher>
			<patcher name = "reverb">
				<patcher name = "reverbs">
					<patcher name = "jlooper">
						<patcher name = "MonoverbSize">
							<pattr name = "parameter" value = "0.417323" />
						</patcher>
						<patcher name = "MonoverbDamping">
							<pattr name = "parameter" value = "0.192857" />
						</patcher>
						<patcher name = "MonoverbWetLevel">
							<pattr name = "parameter" value = "0.125984" />
						</patcher>
						<patcher name = "MonoverbDryLevel">
							<pattr name = "parameter" value = "0.428571" />
						</patcher>
					</patcher>
				</patcher>
			</patcher>
			<patcher name = "presets">
				<patcher name = "presets">
					<patcher name = "jAB_param_mixer">
						<patcher name = "ParamMixer">
							<pattr name = "parameter" value = "0." />
						</patcher>
					</patcher>
				</patcher>
			</patcher>
			<patcher name = "mainvolume">
				<patcher name = "mainvolume">
					<patcher name = "mainvolume">
						<patcher name = "MainVolume">
							<pattr name = "parameter" value = "0." />
						</patcher>
					</patcher>
				</patcher>
			</patcher>
		</patcher>
	</slot>
	<slot number = "2">
		<patcher name = "EISguts">
			<patcher name = "vbap">
				<patcher name = "vbap">
					<patcher name = "jbap">
						<patcher name = "matrix">
							<patcher name = "coll">
								<pattr name = "vbapstorage" value = "-1" />
							</patcher>
						</patcher>
						<patcher name = "location1">
							<patcher name = "1Radius">
								<pattr name = "parameter" value = "0.614286" />
							</patcher>
							<patcher name = "1Speed">
								<pattr name = "parameter" value = "0.055118" />
							</patcher>
							<patcher name = "1ShapeModulation">
								<pattr name = "parameter" value = "0.149606" />
							</patcher>
							<patcher name = "1Spread">
								<pattr name = "parameter" value = "0." />
							</patcher>
							<patcher name = "1SpreadModulation">
								<pattr name = "parameter" value = "0." />
							</patcher>
						</patcher>
						<patcher name = "location2">
							<patcher name = "2Radius">
								<pattr name = "parameter" value = "0.585714" />
							</patcher>
							<patcher name = "2Speed">
								<pattr name = "parameter" value = "0.062992" />
							</patcher>
							<patcher name = "2ShapeModulation">
								<pattr name = "parameter" value = "0.362205" />
							</patcher>
							<patcher name = "2Spread">
								<pattr name = "parameter" value = "0." />
							</patcher>
							<patcher name = "2SpreadModulation">
								<pattr name = "parameter" value = "0." />
							</patcher>
						</patcher>
					</patcher>
				</patcher>
			</patcher>
			<patcher name = "psp42s">
				<patcher name = "lexicon1">
					<patcher name = "jlooper">
						<patcher name = "1LexiconVolume">
							<pattr name = "parameter" value = "0.503937" />
						</patcher>
						<patcher name = "1LexiconFeedback">
							<pattr name = "parameter" value = "0.086614" />
						</patcher>
						<patcher name = "1LexiconManVCO">
							<pattr name = "parameter" value = "0." />
						</patcher>
						<patcher name = "1LexiconDepth">
							<pattr name = "parameter" value = "0.771654" />
						</patcher>
						<patcher name = "1LexiconWvform">
							<pattr name = "parameter" value = "0.330709" />
						</patcher>
						<patcher name = "1LexiconRate">
							<pattr name = "parameter" value = "1." />
						</patcher>
					</patcher>
				</patcher>
				<patcher name = "lexicon2">
					<patcher name = "jlooper">
						<patcher name = "2LexiconVolume">
							<pattr name = "parameter" value = "0.470241" />
						</patcher>
						<patcher name = "2LexiconFeedback">
							<pattr name = "parameter" value = "0.265459" />
						</patcher>
						<patcher name = "2LexiconManVCO">
							<pattr name = "parameter" value = "0.244094" />
						</patcher>
						<patcher name = "2LexiconDepth">
							<pattr name = "parameter" value = "0.551181" />
						</patcher>
						<patcher name = "2LexiconWvform">
							<pattr name = "parameter" value = "0.244094" />
						</patcher>
						<patcher name = "2LexiconRate">
							<pattr name = "parameter" value = "0.07874" />
						</patcher>
					</patcher>
				</patcher>
			</patcher>
			<patcher name = "matrix">
				<patcher name = "matrix">
					<patcher name = "matrix">
						<pattr name = "matrix-storage" value = "3" />
					</patcher>
				</patcher>
			</patcher>
			<patcher name = "jdelaycontrol">
				<patcher name = "delays-1">
					<patcher name = "jdelaycontrol">
						<patcher name = "1NumberOfDelays">
							<pattr name = "parameter" value = "0.19685" />
						</patcher>
						<patcher name = "1ModulatorValue">
							<pattr name = "parameter" value = "0.76378" />
						</patcher>
						<patcher name = "1ModulatorSwitching">
							<pattr name = "parameter" value = "0.401575" />
						</patcher>
					</patcher>
				</patcher>
				<patcher name = "delays-2">
					<patcher name = "jdelaycontrol">
						<patcher name = "2NumberOfDelays">
							<pattr name = "parameter" value = "0.181102" />
						</patcher>
						<patcher name = "2ModulatorValue">
							<pattr name = "parameter" value = "0.338583" />
						</patcher>
						<patcher name = "2ModulatorSwitching">
							<pattr name = "parameter" value = "0.511811" />
						</patcher>
					</patcher>
				</patcher>
			</patcher>
			<patcher name = "loopers">
				<patcher name = "looper1">
					<patcher name = "jlooper">
						<patcher name = "1LooperVolume">
							<pattr name = "parameter" value = "0.094488" />
						</patcher>
						<patcher name = "1LooperSpeed">
							<pattr name = "parameter" value = "0.472441" />
						</patcher>
						<patcher name = "1LooperOnOff">
							<pattr name = "parameter" value = "0." />
						</patcher>
					</patcher>
				</patcher>
				<patcher name = "looper2">
					<patcher name = "jlooper">
						<patcher name = "2LooperVolume">
							<pattr name = "parameter" value = "0.362205" />
						</patcher>
						<patcher name = "2LooperSpeed">
							<pattr name = "parameter" value = "0.551181" />
						</patcher>
						<patcher name = "2LooperOnOff">
							<pattr name = "parameter" value = "0." />
						</patcher>
					</patcher>
				</patcher>
				<patcher name = "looper3">
					<patcher name = "jlooper">
						<patcher name = "3LooperVolume">
							<pattr name = "parameter" value = "0." />
						</patcher>
						<patcher name = "3LooperSpeed">
							<pattr name = "parameter" value = "0.551181" />
						</patcher>
						<patcher name = "3LooperOnOff">
							<pattr name = "parameter" value = "0." />
						</patcher>
					</patcher>
				</patcher>
				<patcher name = "looper4">
					<patcher name = "jlooper">
						<patcher name = "4LooperVolume">
							<pattr name = "parameter" value = "0.102362" />
						</patcher>
						<patcher name = "4LooperSpeed">
							<pattr name = "parameter" value = "0.551181" />
						</patcher>
						<patcher name = "4LooperOnOff">
							<pattr name = "parameter" value = "0." />
						</patcher>
					</patcher>
				</patcher>
			</patcher>
			<patcher name = "controlmapping">
				<patcher name = "control_mapping_interface">
					<pattr name = "control_mapping" value = "1" />
				</patcher>
			</patcher>
			<patcher name = "reverb">
				<patcher name = "reverbs">
					<patcher name = "jlooper">
						<patcher name = "MonoverbSize">
							<pattr name = "parameter" value = "0.314961" />
						</patcher>
						<patcher name = "MonoverbDamping">
							<pattr name = "parameter" value = "0.564286" />
						</patcher>
						<patcher name = "MonoverbWetLevel">
							<pattr name = "parameter" value = "0.322835" />
						</patcher>
						<patcher name = "MonoverbDryLevel">
							<pattr name = "parameter" value = "0.357143" />
						</patcher>
					</patcher>
				</patcher>
			</patcher>
			<patcher name = "presets">
				<patcher name = "presets">
					<patcher name = "jAB_param_mixer">
						<patcher name = "ParamMixer">
							<pattr name = "parameter" value = "0." />
						</patcher>
					</patcher>
				</patcher>
			</patcher>
			<patcher name = "mainvolume">
				<patcher name = "mainvolume">
					<patcher name = "mainvolume">
						<patcher name = "MainVolume">
							<pattr name = "parameter" value = "0." />
						</patcher>
					</patcher>
				</patcher>
			</patcher>
		</patcher>
	</slot>
	<slot number = "3">
		<patcher name = "EISguts">
			<patcher name = "vbap">
				<patcher name = "vbap">
					<patcher name = "jbap">
						<patcher name = "matrix">
							<patcher name = "coll">
								<pattr name = "vbapstorage" value = "-1" />
							</patcher>
						</patcher>
						<patcher name = "location1">
							<patcher name = "1Radius">
								<pattr name = "parameter" value = "0." />
							</patcher>
							<patcher name = "1Speed">
								<pattr name = "parameter" value = "0.614286" />
							</patcher>
							<patcher name = "1ShapeModulation">
								<pattr name = "parameter" value = "0.25" />
							</patcher>
							<patcher name = "1Spread">
								<pattr name = "parameter" value = "0.464286" />
							</patcher>
							<patcher name = "1SpreadModulation">
								<pattr name = "parameter" value = "0.285714" />
							</patcher>
						</patcher>
						<patcher name = "location2">
							<patcher name = "2Radius">
								<pattr name = "parameter" value = "0.878571" />
							</patcher>
							<patcher name = "2Speed">
								<pattr name = "parameter" value = "0.535714" />
							</patcher>
							<patcher name = "2ShapeModulation">
								<pattr name = "parameter" value = "0.278571" />
							</patcher>
							<patcher name = "2Spread">
								<pattr name = "parameter" value = "0.535714" />
							</patcher>
							<patcher name = "2SpreadModulation">
								<pattr name = "parameter" value = "0.235714" />
							</patcher>
						</patcher>
					</patcher>
				</patcher>
			</patcher>
			<patcher name = "psp42s">
				<patcher name = "lexicon1">
					<patcher name = "jlooper">
						<patcher name = "1LexiconVolume">
							<pattr name = "parameter" value = "0.511811" />
						</patcher>
						<patcher name = "1LexiconFeedback">
							<pattr name = "parameter" value = "0.031496" />
						</patcher>
						<patcher name = "1LexiconManVCO">
							<pattr name = "parameter" value = "0.086614" />
						</patcher>
						<patcher name = "1LexiconDepth">
							<pattr name = "parameter" value = "0.03937" />
						</patcher>
						<patcher name = "1LexiconWvform">
							<pattr name = "parameter" value = "1." />
						</patcher>
						<patcher name = "1LexiconRate">
							<pattr name = "parameter" value = "0." />
						</patcher>
					</patcher>
				</patcher>
				<patcher name = "lexicon2">
					<patcher name = "jlooper">
						<patcher name = "2LexiconVolume">
							<pattr name = "parameter" value = "0.519685" />
						</patcher>
						<patcher name = "2LexiconFeedback">
							<pattr name = "parameter" value = "0." />
						</patcher>
						<patcher name = "2LexiconManVCO">
							<pattr name = "parameter" value = "0.03937" />
						</patcher>
						<patcher name = "2LexiconDepth">
							<pattr name = "parameter" value = "0.133858" />
						</patcher>
						<patcher name = "2LexiconWvform">
							<pattr name = "parameter" value = "1." />
						</patcher>
						<patcher name = "2LexiconRate">
							<pattr name = "parameter" value = "0.03937" />
						</patcher>
					</patcher>
				</patcher>
			</patcher>
			<patcher name = "matrix">
				<patcher name = "matrix">
					<patcher name = "matrix">
						<pattr name = "matrix-storage" value = "9" />
					</patcher>
				</patcher>
			</patcher>
			<patcher name = "jdelaycontrol">
				<patcher name = "delays-1">
					<patcher name = "jdelaycontrol">
						<patcher name = "1NumberOfDelays">
							<pattr name = "parameter" value = "0.244094" />
						</patcher>
						<patcher name = "1ModulatorValue">
							<pattr name = "parameter" value = "0.377953" />
						</patcher>
						<patcher name = "1ModulatorSwitching">
							<pattr name = "parameter" value = "0.385827" />
						</patcher>
					</patcher>
				</patcher>
				<patcher name = "delays-2">
					<patcher name = "jdelaycontrol">
						<patcher name = "2NumberOfDelays">
							<pattr name = "parameter" value = "1." />
						</patcher>
						<patcher name = "2ModulatorValue">
							<pattr name = "parameter" value = "0.779528" />
						</patcher>
						<patcher name = "2ModulatorSwitching">
							<pattr name = "parameter" value = "0.692913" />
						</patcher>
					</patcher>
				</patcher>
			</patcher>
			<patcher name = "loopers">
				<patcher name = "looper1">
					<patcher name = "jlooper">
						<patcher name = "1LooperVolume">
							<pattr name = "parameter" value = "1." />
						</patcher>
						<patcher name = "1LooperSpeed">
							<pattr name = "parameter" value = "0.574803" />
						</patcher>
						<patcher name = "1LooperOnOff">
							<pattr name = "parameter" value = "0." />
						</patcher>
					</patcher>
				</patcher>
				<patcher name = "looper2">
					<patcher name = "jlooper">
						<patcher name = "2LooperVolume">
							<pattr name = "parameter" value = "0.204724" />
						</patcher>
						<patcher name = "2LooperSpeed">
							<pattr name = "parameter" value = "0.748031" />
						</patcher>
						<patcher name = "2LooperOnOff">
							<pattr name = "parameter" value = "0." />
						</patcher>
					</patcher>
				</patcher>
				<patcher name = "looper3">
					<patcher name = "jlooper">
						<patcher name = "3LooperVolume">
							<pattr name = "parameter" value = "0.070866" />
						</patcher>
						<patcher name = "3LooperSpeed">
							<pattr name = "parameter" value = "0.740157" />
						</patcher>
						<patcher name = "3LooperOnOff">
							<pattr name = "parameter" value = "0." />
						</patcher>
					</patcher>
				</patcher>
				<patcher name = "looper4">
					<patcher name = "jlooper">
						<patcher name = "4LooperVolume">
							<pattr name = "parameter" value = "0.291339" />
						</patcher>
						<patcher name = "4LooperSpeed">
							<pattr name = "parameter" value = "0.692913" />
						</patcher>
						<patcher name = "4LooperOnOff">
							<pattr name = "parameter" value = "0." />
						</patcher>
					</patcher>
				</patcher>
			</patcher>
			<patcher name = "controlmapping">
				<patcher name = "control_mapping_interface">
					<pattr name = "control_mapping" value = "3" />
				</patcher>
			</patcher>
			<patcher name = "reverb">
				<patcher name = "reverbs">
					<patcher name = "jlooper">
						<patcher name = "MonoverbSize">
							<pattr name = "parameter" value = "1." />
						</patcher>
						<patcher name = "MonoverbDamping">
							<pattr name = "parameter" value = "0.564286" />
						</patcher>
						<patcher name = "MonoverbWetLevel">
							<pattr name = "parameter" value = "0.128571" />
						</patcher>
						<patcher name = "MonoverbDryLevel">
							<pattr name = "parameter" value = "0.25" />
						</patcher>
					</patcher>
				</patcher>
			</patcher>
			<patcher name = "presets">
				<patcher name = "presets">
					<patcher name = "jAB_param_mixer">
						<patcher name = "ParamMixer">
							<pattr name = "parameter" value = "0." />
						</patcher>
					</patcher>
				</patcher>
			</patcher>
			<patcher name = "mainvolume">
				<patcher name = "mainvolume">
					<patcher name = "mainvolume">
						<patcher name = "MainVolume">
							<pattr name = "parameter" value = "0.653543" />
						</patcher>
					</patcher>
				</patcher>
			</patcher>
		</patcher>
	</slot>
	<slot number = "4">
		<patcher name = "EISguts">
			<patcher name = "vbap">
				<patcher name = "vbap">
					<patcher name = "jbap">
						<patcher name = "matrix">
							<patcher name = "coll">
								<pattr name = "vbapstorage" value = "-1" />
							</patcher>
						</patcher>
						<patcher name = "location1">
							<patcher name = "1Radius">
								<pattr name = "parameter" value = "0.897638" />
							</patcher>
							<patcher name = "1Speed">
								<pattr name = "parameter" value = "0." />
							</patcher>
							<patcher name = "1ShapeModulation">
								<pattr name = "parameter" value = "0." />
							</patcher>
							<patcher name = "1Spread">
								<pattr name = "parameter" value = "0.75" />
							</patcher>
							<patcher name = "1SpreadModulation">
								<pattr name = "parameter" value = "0." />
							</patcher>
						</patcher>
						<patcher name = "location2">
							<patcher name = "2Radius">
								<pattr name = "parameter" value = "0." />
							</patcher>
							<patcher name = "2Speed">
								<pattr name = "parameter" value = "0." />
							</patcher>
							<patcher name = "2ShapeModulation">
								<pattr name = "parameter" value = "0." />
							</patcher>
							<patcher name = "2Spread">
								<pattr name = "parameter" value = "0.707143" />
							</patcher>
							<patcher name = "2SpreadModulation">
								<pattr name = "parameter" value = "0.028571" />
							</patcher>
						</patcher>
					</patcher>
				</patcher>
			</patcher>
			<patcher name = "psp42s">
				<patcher name = "lexicon1">
					<patcher name = "jlooper">
						<patcher name = "1LexiconVolume">
							<pattr name = "parameter" value = "0.480315" />
						</patcher>
						<patcher name = "1LexiconFeedback">
							<pattr name = "parameter" value = "0.031496" />
						</patcher>
						<patcher name = "1LexiconManVCO">
							<pattr name = "parameter" value = "0.362205" />
						</patcher>
						<patcher name = "1LexiconDepth">
							<pattr name = "parameter" value = "0.03937" />
						</patcher>
						<patcher name = "1LexiconWvform">
							<pattr name = "parameter" value = "0.370079" />
						</patcher>
						<patcher name = "1LexiconRate">
							<pattr name = "parameter" value = "0." />
						</patcher>
					</patcher>
				</patcher>
				<patcher name = "lexicon2">
					<patcher name = "jlooper">
						<patcher name = "2LexiconVolume">
							<pattr name = "parameter" value = "0.456693" />
						</patcher>
						<patcher name = "2LexiconFeedback">
							<pattr name = "parameter" value = "0." />
						</patcher>
						<patcher name = "2LexiconManVCO">
							<pattr name = "parameter" value = "0." />
						</patcher>
						<patcher name = "2LexiconDepth">
							<pattr name = "parameter" value = "0.03937" />
						</patcher>
						<patcher name = "2LexiconWvform">
							<pattr name = "parameter" value = "0.346457" />
						</patcher>
						<patcher name = "2LexiconRate">
							<pattr name = "parameter" value = "0.03937" />
						</patcher>
					</patcher>
				</patcher>
			</patcher>
			<patcher name = "matrix">
				<patcher name = "matrix">
					<patcher name = "matrix">
						<pattr name = "matrix-storage" value = "10" />
					</patcher>
				</patcher>
			</patcher>
			<patcher name = "jdelaycontrol">
				<patcher name = "delays-1">
					<patcher name = "jdelaycontrol">
						<patcher name = "1NumberOfDelays">
							<pattr name = "parameter" value = "0.102362" />
						</patcher>
						<patcher name = "1ModulatorValue">
							<pattr name = "parameter" value = "0.267717" />
						</patcher>
						<patcher name = "1ModulatorSwitching">
							<pattr name = "parameter" value = "0.377953" />
						</patcher>
					</patcher>
				</patcher>
				<patcher name = "delays-2">
					<patcher name = "jdelaycontrol">
						<patcher name = "2NumberOfDelays">
							<pattr name = "parameter" value = "0.385827" />
						</patcher>
						<patcher name = "2ModulatorValue">
							<pattr name = "parameter" value = "0.212598" />
						</patcher>
						<patcher name = "2ModulatorSwitching">
							<pattr name = "parameter" value = "0.23622" />
						</patcher>
					</patcher>
				</patcher>
			</patcher>
			<patcher name = "loopers">
				<patcher name = "looper1">
					<patcher name = "jlooper">
						<patcher name = "1LooperVolume">
							<pattr name = "parameter" value = "0.346457" />
						</patcher>
						<patcher name = "1LooperSpeed">
							<pattr name = "parameter" value = "0.574803" />
						</patcher>
						<patcher name = "1LooperOnOff">
							<pattr name = "parameter" value = "0." />
						</patcher>
					</patcher>
				</patcher>
				<patcher name = "looper2">
					<patcher name = "jlooper">
						<patcher name = "2LooperVolume">
							<pattr name = "parameter" value = "0.204724" />
						</patcher>
						<patcher name = "2LooperSpeed">
							<pattr name = "parameter" value = "0.748031" />
						</patcher>
						<patcher name = "2LooperOnOff">
							<pattr name = "parameter" value = "0." />
						</patcher>
					</patcher>
				</patcher>
				<patcher name = "looper3">
					<patcher name = "jlooper">
						<patcher name = "3LooperVolume">
							<pattr name = "parameter" value = "0.070866" />
						</patcher>
						<patcher name = "3LooperSpeed">
							<pattr name = "parameter" value = "0.740157" />
						</patcher>
						<patcher name = "3LooperOnOff">
							<pattr name = "parameter" value = "0." />
						</patcher>
					</patcher>
				</patcher>
				<patcher name = "looper4">
					<patcher name = "jlooper">
						<patcher name = "4LooperVolume">
							<pattr name = "parameter" value = "0.291339" />
						</patcher>
						<patcher name = "4LooperSpeed">
							<pattr name = "parameter" value = "0.692913" />
						</patcher>
						<patcher name = "4LooperOnOff">
							<pattr name = "parameter" value = "0." />
						</patcher>
					</patcher>
				</patcher>
			</patcher>
			<patcher name = "controlmapping">
				<patcher name = "control_mapping_interface">
					<pattr name = "control_mapping" value = "15000" />
				</patcher>
			</patcher>
			<patcher name = "reverb">
				<patcher name = "reverbs">
					<patcher name = "jlooper">
						<patcher name = "MonoverbSize">
							<pattr name = "parameter" value = "0.417323" />
						</patcher>
						<patcher name = "MonoverbDamping">
							<pattr name = "parameter" value = "0.192857" />
						</patcher>
						<patcher name = "MonoverbWetLevel">
							<pattr name = "parameter" value = "0.125984" />
						</patcher>
						<patcher name = "MonoverbDryLevel">
							<pattr name = "parameter" value = "0.428571" />
						</patcher>
					</patcher>
				</patcher>
			</patcher>
			<patcher name = "presets">
				<patcher name = "presets">
					<patcher name = "jAB_param_mixer">
						<patcher name = "ParamMixer">
							<pattr name = "parameter" value = "0." />
						</patcher>
					</patcher>
				</patcher>
			</patcher>
			<patcher name = "mainvolume">
				<patcher name = "mainvolume">
					<patcher name = "mainvolume">
						<patcher name = "MainVolume">
							<pattr name = "parameter" value = "0." />
						</patcher>
					</patcher>
				</patcher>
			</patcher>
		</patcher>
	</slot>
</pattrstorage>

