<?xml version="1.0" encoding="iso-8859-1" standalone="yes"?>

<pattrstorage name = "vbapstorage">
	<slot number = "1" name = "westhall118">
		<pattr name = "speakers" value = "163 -31 116 90 -93 -158 140 30" />
	</slot>
	<slot number = "2" name = "4 channels">
		<pattr name = "speakers" value = "0 90 180 -89" />
	</slot>
	<slot number = "3" name = "5.1">
		<pattr name = "speakers" value = "-52 52 0 -131 131" />
	</slot>
	<slot number = "4" name = "south africa">
		<pattr name = "speakers" value = "85 97 141 -140 -96 -85 -47 45" />
	</slot>
	<slot number = "5" name = "WH AUD 6 CH">
		<pattr name = "speakers" value = "-44 0 45 90 135 180 -135 -89" />
	</slot>
	<slot number = "6" name = "WH AUD 6 CH">
		<pattr name = "speakers" value = "-44 0 45 180 90 -135 135 -89" />
	</slot>
	<slot number = "7" name = "6 channel">
		<pattr name = "speakers" value = "-30 29 90 150 -149 -89" />
	</slot>
</pattrstorage>

