<?xml version='1.0' encoding='iso-8859-1' standalone='yes' ?>

<jamoma version='0.4'
		xmlns:xsi='http://www.w3.org/2001/XMLSchema-instance'
		xsi:schemaLocation='http://jamoma.org/ file:jamoma.xsd'
>
  <preset number='1' name='default'>
    <item name='audio/gain' type='decimal' priority='0'>0.000000</item>
    <item name='audio/mute' type='boolean' priority='0'>0</item>
    <item name='grain/duration' type='decimal' priority='0'>500.000000</item>
    <item name='grain/overlap' type='integer' priority='0'>1</item>
    <item name='grain/trigger' type='decimal' priority='0'>0.000000</item>
    <item name='pitch/transpose' type='array' priority='0'>0</item>
    <item name='pitch/variation' type='decimal' priority='0'>0.000000</item>
    <item name='position' type='decimal' priority='0'>0.000000</item>
    <item name='position/onset_variation' type='decimal' priority='0'>100.000000</item>
    <item name='position/speed' type='decimal' priority='0'>0.000000</item>
    <item name='turn' type='decimal' priority='0'>0.000000</item>
    <item name='view/freeze' type='boolean' priority='0'>0</item>
  </preset>
</jamoma>
